<?xml version="1.0" encoding="UTF-8" standalone="yes"?>
<addon id="plugin.program.mikicuenta_wizard"
       name="MikiCuenta Wizard"
       version="1.0.2"
       provider-name="MikiCuenta">

    <requires>
        <import addon="xbmc.python" version="3.0.0"/>
    </requires>

    <extension point="xbmc.python.pluginsource" library="default.py">
        <provides>executable</provides>
    </extension>

    <extension point="xbmc.addon.metadata">
        <summary lang="es">Asistente para instalar la build de MikiCuenta</summary>
        <description lang="es">
            Este asistente te permitirá instalar la Build oficial de MikiCuenta,
            crear y restaurar backups, y limpiar la caché de Kodi de manera sencilla.
        </description>
        <platform>all</platform>
        <assets>
            <icon>resources/media/icon.png</icon>
            <fanart>resources/media/fanart.jpg</fanart>
        </assets>
    </extension>

</addon>
